{"operatorName":["Dispatcher 0"],"taskName":["Shifting Task","Rude Task"],"utilization":[[[[0.29800000000000004,0.8980000000000004,0.4979999999999998,0.3099403233542404,0.49799999999999933,0.6959999999999988],[0.20199999999999996,0.20199999999999996,0.40200000000000014,0.20400000000000018,0.3019999999999996,0.30400000000000116],[0.0,0.0,0.0,0.0,0.0,0.0],[0.0,0.0,0.0,0.0,0.0,0.0],[0.0,0.0,0.0,0.0,0.0,0.0]]]],"averageUtilization":[[0.13372056453761774]]}
