	,Average,Minimum,1st Quartile,Median,3rd Quartile,Maximum,Variance,Count of utilization 0-30%,Count of utilization 30%-70%,Count of utilization 70%-100%,
Workload,0.032410516230941044,0.0,0.0,0.0,0.054498169213065495,0.1655048311673255,0.0024169397257739647,48,0,0
Error,0,1.0,1.0,1.0,1.0,1.0,1.0,N/A,N/A,N/A
Expired,0,0,0,0,0,0,NaN,N/A,N/A,N/A
,

		---Raw data in 10 min interval---
0.0,0.0,0.0,0.0,0.0,0.0,0.0,0.0,0.0,0.0,0.0,0.0,0.0,0.0,0.0,0.0,0.0,0.0,0.005406945431399635,0.0,0.0,0.08681078599767744,0.03866653184235247,0.0,0.0,0.0,0.0,0.0,0.0,0.0,0.0,0.0,0.0,0.0,0.025199118064570314,0.0,0.0,0.0,0.04297133113560392,0.0,0.0,0.0,0.0,0.046763152804210506,0.0,0.0,0.05590363661333697,0.031066537577714826,
0.0,0.0,0.0,0.0,0.04503273462457891,0.0,0.0,0.0,0.0,0.0,0.0,0.0,0.0,0.0,0.0,0.0,0.0,0.0,0.004866166976729147,0.01497078047307454,0.0,5.988104325993504E-4,0.0,0.0,0.04359922170969455,0.03949911976251386,0.0,0.0,0.0,0.0,0.0,0.12038224352124516,0.018195712431598565,0.0,0.0,0.0,0.0,0.025484218877146247,0.0707996919742655,0.0,0.0,0.013466828252909124,0.01395930205703877,0.042184223390513864,0.03592158565440684,0.01165484863974342,0.05955573668079239,0.0,
0.0,0.0,0.0,0.0,0.0,0.0,0.0,0.0,0.0,0.0,0.0,0.0,0.0,0.0,0.0,0.0,0.0,0.0,0.0,0.03280479394208058,0.0,0.027639014817921748,0.0,0.0,0.03750252778521457,0.0,0.0,0.0,0.0,0.0,0.0,0.0,0.0,0.0,0.0,0.0,0.0,0.0,0.0,0.0,0.0,0.0,0.0,0.007080773146427077,0.0,0.0038670693808739998,0.03584300917308525,0.0034624112976970878,
0.0,0.0,0.0,0.03565645292458175,0.021837167585807116,0.0,0.0,0.0,0.0,0.0,0.0,0.0,0.0,0.0,0.0,0.0,0.0,0.0,0.04422505680493671,0.0,0.0,0.04568839223373189,0.011721538091606476,0.0,0.022240858791519713,0.024857473692982524,0.0,0.0,0.0,0.0,0.0,0.0,0.0394107896560385,0.0,0.0419280327424687,0.0,0.0,0.04627443993931024,0.046521491562515394,0.0,0.0,0.015566564743515698,0.030591115310947714,0.05488978033042713,0.0,0.018934311505653056,0.014202448700110892,0.0,
